Request ID,Title,Status,Status Code,Embargo Status,Agency ID,Agency Name,Jurisdiction,User ID,Tracking ID,Price,Date Submitted,Date Updated,Date Done,Days Open,Days Since Update,MuckRock URL,Tags
200204,AI chat logs (Belmont Clerk),No Responsive Documents,no_docs,Public,43740,Belmont Clerk,Belmont,114503,,0,2025-12-18 17:11,2026-01-09 20:29,2026-01-09 20:29,17,,https://www.muckrock.com/foi/belmont-3816/ai-chat-logs-belmont-clerk-200204/,transparent-nh
200201,AI chat logs (Berlin Clerk),No Responsive Documents,no_docs,Public,43743,Berlin Clerk,Berlin,114503,,0,2025-12-18 17:11,2025-12-22 14:59,2025-12-22 14:59,3,,https://www.muckrock.com/foi/berlin-3819/ai-chat-logs-berlin-clerk-200201/,transparent-nh
200208,AI chat logs (Bow Clerk),No Responsive Documents,no_docs,Public,43753,Bow Clerk,Bow,114503,,0,2025-12-18 17:11,2026-06-02 19:19,2026-06-02 19:19,119,,https://www.muckrock.com/foi/bow-3822/ai-chat-logs-bow-clerk-200208/,transparent-nh
200200,AI chat logs (City Clerk),Awaiting Acknowledgement,ack,Public,17082,City Clerk,Dover,114503,,0,2025-12-18 17:11,2026-07-15 05:00,,150,1,https://www.muckrock.com/foi/dover-3855/ai-chat-logs-city-clerk-200200/,transparent-nh
200193,AI chat logs (City Clerk),Rejected,rejected,Public,17084,City Clerk,Lebanon,114503,,0,2025-12-18 17:11,2025-12-22 21:48,2025-12-22 21:48,3,,https://www.muckrock.com/foi/lebanon-3917/ai-chat-logs-city-clerk-200193/,transparent-nh
200197,AI chat logs (City Clerk's Office),No Responsive Documents,no_docs,Public,4246,City Clerk's Office,Keene,114503,RTK-2025-133,0,2025-12-18 17:11,2026-01-19 17:23,2026-01-19 17:23,23,,https://www.muckrock.com/foi/keene-3910/ai-chat-logs-city-clerks-office-200197/,transparent-nh
200195,AI chat logs (Claremont Clerk),No Responsive Documents,no_docs,Public,43744,Claremont Clerk,Claremont,114503,,0,2025-12-18 17:11,2026-06-15 13:09,2026-06-15 13:09,128,,https://www.muckrock.com/foi/claremont-3840/ai-chat-logs-claremont-clerk-200195/,"transparent-nh, nh-citizen"
200199,AI chat logs (Concord City Clerk),No Responsive Documents,no_docs,Public,11759,Concord City Clerk,Concord,114503,,0.25,2025-12-18 17:11,2026-02-17 16:20,2026-02-17 16:20,44,,https://www.muckrock.com/foi/concord-3844/ai-chat-logs-concord-city-clerk-200199/,"transparent-nh, nh-citizen"
200206,AI chat logs (Derry Clerk),No Responsive Documents,no_docs,Public,43755,Derry Clerk,Derry,114503,,0,2025-12-18 17:11,2025-12-22 21:11,2025-12-22 21:11,3,,https://www.muckrock.com/foi/derry-3853/ai-chat-logs-derry-clerk-200206/,transparent-nh
211332,AI chat logs (Franklin Clerk),Partially Completed,partial,Public,43745,Franklin Clerk,Franklin,23852,,16.04,2026-05-15 12:31,2026-06-03 21:18,,44,31,https://www.muckrock.com/foi/franklin-3874/ai-chat-logs-franklin-clerk-211332/,"transparent-nh, nh-inperson"
200209,AI chat logs (Gorham Clerk),No Responsive Documents,no_docs,Public,43752,Gorham Clerk,Gorham,114503,,0,2025-12-18 17:11,2025-12-24 13:42,2025-12-24 13:42,5,,https://www.muckrock.com/foi/gorham-3881/ai-chat-logs-gorham-clerk-200209/,transparent-nh
200210,AI chat logs (Hanover Clerk),No Responsive Documents,no_docs,Public,43751,Hanover Clerk,Hanover,114503,,0,2025-12-18 17:11,2025-12-23 14:35,2025-12-23 14:35,4,,https://www.muckrock.com/foi/hanover-3893/ai-chat-logs-hanover-clerk-200210/,transparent-nh
200207,AI chat logs (Hopkinton Clerk),No Responsive Documents,no_docs,Public,43754,Hopkinton Clerk,Hopkinton,114503,,0,2025-12-18 17:11,2025-12-31 16:27,2025-12-31 16:27,10,,https://www.muckrock.com/foi/hopkinton-3905/ai-chat-logs-hopkinton-clerk-200207/,transparent-nh
200194,AI chat logs (Laconia Clerk),No Responsive Documents,no_docs,Public,43746,Laconia Clerk,Laconia,114503,,0,2025-12-18 17:11,2025-12-22 20:56,2025-12-22 20:56,3,,https://www.muckrock.com/foi/laconia-3913/ai-chat-logs-laconia-clerk-200194/,transparent-nh
200198,AI chat logs (Manchester City Clerk),No Responsive Documents,no_docs,Public,8901,Manchester City Clerk,Manchester,114503,,0,2025-12-18 17:11,2026-02-04 21:45,2026-02-04 21:45,35,,https://www.muckrock.com/foi/manchester-3931/ai-chat-logs-manchester-city-clerk-200198/,transparent-nh
200192,AI chat logs (Nashua City Clerk),No Responsive Documents,no_docs,Public,11758,Nashua City Clerk,Nashua,114503,,0,2025-12-18 17:11,2026-01-06 16:51,2026-01-06 16:51,14,,https://www.muckrock.com/foi/nashua-3944/ai-chat-logs-nashua-city-clerk-200192/,transparent-nh
200211,AI chat logs (Peterborough Clerk),No Responsive Documents,no_docs,Public,43750,Peterborough Clerk,Peterborough,114503,,0,2025-12-18 17:11,2026-01-12 15:38,2026-01-12 15:38,18,,https://www.muckrock.com/foi/peterborough-3968/ai-chat-logs-peterborough-clerk-200211/,transparent-nh
200196,AI chat logs (Portsmouth Clerk),Partially Completed,partial,Public,43676,Portsmouth Clerk,Portsmouth,114503,RTK-2025-0000165,8.5,2025-12-18 17:11,2026-02-17 22:19,2026-01-06 21:46,14,,https://www.muckrock.com/foi/portsmouth-3975/ai-chat-logs-portsmouth-clerk-200196/,"transparent-nh, nh-inperson"
200191,AI chat logs (Rochester Clerk),No Responsive Documents,no_docs,Public,43749,Rochester Clerk,Rochester,114503,,0,2025-12-18 17:11,2025-12-23 18:51,2025-12-23 18:51,4,,https://www.muckrock.com/foi/rochester-3980/ai-chat-logs-rochester-clerk-200191/,"transparent-nh, nh-citizen"
200203,AI chat logs (Salem Clerk),No Responsive Documents,no_docs,Public,43741,Salem Clerk,Salem,114503,,0,2025-12-18 17:11,2026-05-29 19:08,2026-05-29 19:08,117,,https://www.muckrock.com/foi/salem-3985/ai-chat-logs-salem-clerk-200203/,"transparent-nh, nh-citizen"
200205,AI chat logs (Somersworth Clerk),No Responsive Documents,no_docs,Public,43739,Somersworth Clerk,Somersworth,114503,,0,2025-12-18 17:11,2026-01-12 13:36,2026-01-12 13:36,18,,https://www.muckrock.com/foi/somersworth-3993/ai-chat-logs-somersworth-clerk-200205/,transparent-nh
211333,AI chat logs (Town Of Durham),Rejected,rejected,Public,45905,Town Of Durham,Durham,23852,,0,2026-05-15 12:31,2026-05-20 16:33,2026-05-20 16:33,4,,https://www.muckrock.com/foi/durham-3859/ai-chat-logs-town-of-durham-211333/,transparent-nh
200202,AI chat logs (Troy Clerk),No Responsive Documents,no_docs,Public,43742,Troy Clerk,Troy,114503,,0,2025-12-18 17:11,2026-05-21 20:01,2026-05-21 20:01,111,,https://www.muckrock.com/foi/troy-4012/ai-chat-logs-troy-clerk-200202/,
200173,AI policy (Belmont Clerk),No Responsive Documents,no_docs,Public,43740,Belmont Clerk,Belmont,114503,,0,2025-12-18 16:38,2025-12-22 12:58,2025-12-22 12:58,3,,https://www.muckrock.com/foi/belmont-3816/ai-policy-belmont-clerk-200173/,transparent-nh
200170,AI policy (Berlin Clerk),No Responsive Documents,no_docs,Public,43743,Berlin Clerk,Berlin,114503,,0,2025-12-18 16:38,2025-12-22 14:58,2025-12-22 14:58,3,,https://www.muckrock.com/foi/berlin-3819/ai-policy-berlin-clerk-200170/,transparent-nh
200166,AI policy (Bow Clerk),No Responsive Documents,no_docs,Public,43753,Bow Clerk,Bow,114503,,0,2025-12-18 16:38,2026-04-24 21:10,2026-04-24 21:10,92,,https://www.muckrock.com/foi/bow-3822/ai-policy-bow-clerk-200166/,transparent-nh
200157,AI policy (City Clerk),Awaiting Acknowledgement,ack,Public,17082,City Clerk,Dover,114503,,0,2025-12-18 16:32,2026-07-15 05:00,,150,1,https://www.muckrock.com/foi/dover-3855/ai-policy-city-clerk-200157/,transparent-nh
200154,AI policy (City Clerk),Completed,done,Public,17084,City Clerk,Lebanon,114503,,0,2025-12-18 16:32,2025-12-22 17:26,2025-12-22 17:26,3,,https://www.muckrock.com/foi/lebanon-3917/ai-policy-city-clerk-200154/,transparent-nh
200156,AI policy (City Clerk's Office),Completed,done,Public,4246,City Clerk's Office,Keene,114503,RTK-2025-134,0,2025-12-18 16:32,2026-02-08 20:12,2026-02-08 20:12,37,,https://www.muckrock.com/foi/keene-3910/ai-policy-city-clerks-office-200156/,transparent-nh
200160,AI policy (Claremont Clerk),No Responsive Documents,no_docs,Public,43744,Claremont Clerk,Claremont,114503,,0,2025-12-18 16:32,2026-06-15 16:09,2026-06-15 16:09,128,,https://www.muckrock.com/foi/claremont-3840/ai-policy-claremont-clerk-200160/,"transparent-nh, nh-citizen"
200158,AI policy (Concord City Clerk),No Responsive Documents,no_docs,Public,11759,Concord City Clerk,Concord,114503,,0.25,2025-12-18 16:32,2026-02-17 16:21,2026-02-17 16:21,44,,https://www.muckrock.com/foi/concord-3844/ai-policy-concord-city-clerk-200158/,"transparent-nh, nh-citizen"
200164,AI policy (Derry Clerk),No Responsive Documents,no_docs,Public,43755,Derry Clerk,Derry,114503,,0,2025-12-18 16:38,2025-12-22 21:08,2025-12-22 21:08,3,,https://www.muckrock.com/foi/derry-3853/ai-policy-derry-clerk-200164/,transparent-nh
211334,AI policy (Franklin Clerk),No Responsive Documents,no_docs,Public,43745,Franklin Clerk,Franklin,23852,,0,2026-05-15 12:32,2026-05-22 14:09,2026-05-22 14:09,6,,https://www.muckrock.com/foi/franklin-3874/ai-policy-franklin-clerk-211334/,transparent-nh
200167,AI policy (Gorham Clerk),No Responsive Documents,no_docs,Public,43752,Gorham Clerk,Gorham,114503,,0,2025-12-18 16:38,2025-12-24 13:38,2025-12-24 13:38,5,,https://www.muckrock.com/foi/gorham-3881/ai-policy-gorham-clerk-200167/,transparent-nh
200168,AI policy (Hanover Clerk),No Responsive Documents,no_docs,Public,43751,Hanover Clerk,Hanover,114503,,0,2025-12-18 16:38,2025-12-23 14:35,2025-12-23 14:35,4,,https://www.muckrock.com/foi/hanover-3893/ai-policy-hanover-clerk-200168/,transparent-nh
200165,AI policy (Hopkinton Clerk),No Responsive Documents,no_docs,Public,43754,Hopkinton Clerk,Hopkinton,114503,,0,2025-12-18 16:38,2025-12-31 16:23,2025-12-31 16:23,10,,https://www.muckrock.com/foi/hopkinton-3905/ai-policy-hopkinton-clerk-200165/,transparent-nh
200155,AI policy (Laconia Clerk),No Responsive Documents,no_docs,Public,43746,Laconia Clerk,Laconia,114503,,0,2025-12-18 16:32,2025-12-22 20:57,2025-12-22 20:57,3,,https://www.muckrock.com/foi/laconia-3913/ai-policy-laconia-clerk-200155/,transparent-nh
200159,AI policy (Manchester City Clerk),Completed,done,Public,8901,Manchester City Clerk,Manchester,114503,,0,2025-12-18 16:32,2025-12-22 13:45,2025-12-22 13:45,3,,https://www.muckrock.com/foi/manchester-3931/ai-policy-manchester-city-clerk-200159/,transparent-nh
200153,AI policy (Nashua City Clerk),No Responsive Documents,no_docs,Public,11758,Nashua City Clerk,Nashua,114503,25-653,0,2025-12-18 16:32,2025-12-30 13:15,2025-12-30 13:15,9,,https://www.muckrock.com/foi/nashua-3944/ai-policy-nashua-city-clerk-200153/,transparent-nh
200169,AI policy (Peterborough Clerk),No Responsive Documents,no_docs,Public,43750,Peterborough Clerk,Peterborough,114503,,0,2025-12-18 16:38,2025-12-29 18:11,2025-12-29 18:11,8,,https://www.muckrock.com/foi/peterborough-3968/ai-policy-peterborough-clerk-200169/,transparent-nh
200152,AI policy (Portsmouth Clerk),Completed,done,Public,43676,Portsmouth Clerk,Portsmouth,114503,RTK-2025-0000165,0,2025-12-18 16:32,2026-03-13 05:00,,150,89,https://www.muckrock.com/foi/portsmouth-3975/ai-policy-portsmouth-clerk-200152/,transparent-nh
200151,AI policy (Rochester Clerk),Completed,done,Public,43749,Rochester Clerk,Rochester,114503,,0,2025-12-18 16:32,2026-03-24 12:26,2026-03-24 12:26,69,,https://www.muckrock.com/foi/rochester-3980/ai-policy-rochester-clerk-200151/,"transparent-nh, nh-citizen"
200172,AI policy (Salem Clerk),No Responsive Documents,no_docs,Public,43741,Salem Clerk,Salem,114503,,0,2025-12-18 16:38,2026-01-12 16:30,2026-01-12 16:30,18,,https://www.muckrock.com/foi/salem-3985/ai-policy-salem-clerk-200172/,"transparent-nh, nh-citizen"
200174,AI policy (Somersworth Clerk),Partially Completed,partial,Public,43739,Somersworth Clerk,Somersworth,114503,,0,2025-12-18 16:38,2026-01-29 07:00,,150,120,https://www.muckrock.com/foi/somersworth-3993/ai-policy-somersworth-clerk-200174/,"transparent-nh, nh-inperson"
211335,AI policy (Town Of Durham),No Responsive Documents,no_docs,Public,45905,Town Of Durham,Durham,23852,,0,2026-05-15 12:32,2026-05-20 16:29,2026-05-20 16:29,4,,https://www.muckrock.com/foi/durham-3859/ai-policy-town-of-durham-211335/,transparent-nh
200171,AI policy (Troy Clerk),No Responsive Documents,no_docs,Public,43742,Troy Clerk,Troy,114503,,0,2025-12-18 16:38,2026-05-21 20:01,2026-05-21 20:01,111,,https://www.muckrock.com/foi/troy-4012/ai-policy-troy-clerk-200171/,
201891,Ethics and Conflict of Interest Rules,Completed,done,Public,43745,Franklin Clerk,Franklin,23852,,0,2026-01-13 14:09,2026-01-13 15:03,2026-01-13 15:03,1,,https://www.muckrock.com/foi/franklin-3874/ethics-and-conflict-of-interest-rules-201891/,transparent-nh
211331,Ethics and Conflict of Interest Rules,Completed,done,Public,43741,Salem Clerk,Salem,23852,,0,2026-05-15 12:29,2026-05-15 18:59,2026-05-15 18:59,1,,https://www.muckrock.com/foi/salem-3985/ethics-and-conflict-of-interest-rules-211331/,transparent-nh
201890,Ethics and Conflict of Interest Rules,No Responsive Documents,no_docs,Public,43742,Troy Clerk,Troy,23852,,0,2026-01-13 13:45,2026-05-21 20:01,2026-05-21 20:01,93,,https://www.muckrock.com/foi/troy-4012/ethics-and-conflict-of-interest-rules-201890/,nh-transparent
201888,Ethics and Conflict of Interest Rules,Partially Completed,partial,Public,43739,Somersworth Clerk,Somersworth,23852,,0,2026-01-13 13:42,2026-02-27 07:02,,132,99,https://www.muckrock.com/foi/somersworth-3993/ethics-and-conflict-of-interest-rules-201888/,"transparent-nh, nh-inperson"
201900,Ethics and Conflict of Interest Rules,Completed,done,Public,43755,Derry Clerk,Derry,23852,,0,2026-01-13 14:32,2026-01-21 21:12,2026-01-21 21:12,7,,https://www.muckrock.com/foi/derry-3853/ethics-and-conflict-of-interest-rules-201900/,transparent-nh
201899,Ethics and Conflict of Interest Rules,Completed,done,Public,43754,Hopkinton Clerk,Hopkinton,23852,,0,2026-01-13 14:31,2026-02-02 14:39,2026-02-02 14:39,15,,https://www.muckrock.com/foi/hopkinton-3905/ethics-and-conflict-of-interest-rules-201899/,transparent-nh
201887,Ethics and Conflict of Interest Rules,Completed,done,Public,43676,Portsmouth Clerk,Portsmouth,23852,,0,2026-01-13 13:40,2026-02-24 18:34,2026-02-24 18:34,31,,https://www.muckrock.com/foi/portsmouth-3975/ethics-and-conflict-of-interest-rules-201887/,transparent-nh
201898,Ethics and Conflict of Interest Rules,Completed,done,Public,43753,Bow Clerk,Bow,23852,,0,2026-01-13 14:30,2026-04-28 18:11,2026-04-28 18:11,76,,https://www.muckrock.com/foi/bow-3822/ethics-and-conflict-of-interest-rules-201898/,transparent-nh
201897,Ethics and Conflict of Interest Rules,No Responsive Documents,no_docs,Public,43752,Gorham Clerk,Gorham,23852,,0,2026-01-13 14:28,2026-01-13 18:18,2026-01-13 18:18,1,,https://www.muckrock.com/foi/gorham-3881/ethics-and-conflict-of-interest-rules-201897/,transparent-nh
201896,Ethics and Conflict of Interest Rules,Awaiting Response,processed,Public,43751,Hanover Clerk,Hanover,23852,,0,2026-01-13 14:26,2026-07-01 05:00,2026-01-16 17:17,4,,https://www.muckrock.com/foi/hanover-3893/ethics-and-conflict-of-interest-rules-201896/,"transparent-nh, nh-citizen"
201895,Ethics and Conflict of Interest Rules,Completed,done,Public,43750,Peterborough Clerk,Peterborough,23852,,0,2026-01-13 14:25,2026-01-15 16:09,2026-01-15 16:09,3,,https://www.muckrock.com/foi/peterborough-3968/ethics-and-conflict-of-interest-rules-201895/,transparent-nh
201894,Ethics and Conflict of Interest Rules,Completed,done,Public,43748,Nashua Clerk,Nashua,23852,26-31,0,2026-01-13 14:23,2026-01-30 03:57,2026-01-29 19:19,13,,https://www.muckrock.com/foi/nashua-3944/ethics-and-conflict-of-interest-rules-201894/,transparent-nh
201893,Ethics and Conflict of Interest Rules,Completed,done,Public,43747,Lebanon Clerk,Lebanon,23852,,0,2026-01-13 14:19,2026-01-13 15:18,2026-01-13 15:18,1,,https://www.muckrock.com/foi/lebanon-3917/ethics-and-conflict-of-interest-rules-201893/,transparent-nh
201892,Ethics and Conflict of Interest Rules,Completed,done,Public,43746,Laconia Clerk,Laconia,23852,,0,2026-01-13 14:18,2026-01-13 20:02,2026-01-13 20:02,1,,https://www.muckrock.com/foi/laconia-3913/ethics-and-conflict-of-interest-rules-201892/,transparent-nh
201889,Ethics and Conflict of Interest Rules,Completed,done,Public,43740,Belmont Clerk,Belmont,23852,,0.5,2026-01-13 13:43,2026-02-17 16:51,2026-02-17 16:51,26,,https://www.muckrock.com/foi/belmont-3816/ethics-and-conflict-of-interest-rules-201889/,transparent-nh
211278,Ethics and Conflict of Interest Rules (Berlin Clerk),Completed,done,Public,43743,Berlin Clerk,Berlin,23852,,0,2026-05-14 21:28,2026-05-15 12:48,2026-05-15 12:48,2,,https://www.muckrock.com/foi/berlin-3819/ethics-and-conflict-of-interest-rules-berlin-clerk-211278/,transparent-nh
199785,Ethics and Conflict of Interest Rules (City Clerk),Awaiting Acknowledgement,ack,Public,17082,City Clerk,Dover,23852,,0,2025-12-12 17:13,2026-07-07 05:00,,154,7,https://www.muckrock.com/foi/dover-3855/ethics-and-conflict-of-interest-rules-city-clerk-199785/,transparent-nh
199782,Ethics and Conflict of Interest Rules (City Clerk's Office),Completed,done,Public,4246,City Clerk's Office,Keene,23852,RTK-2025-131,0,2025-12-12 17:13,2026-01-13 12:46,2025-12-29 16:41,12,,https://www.muckrock.com/foi/keene-3910/ethics-and-conflict-of-interest-rules-city-clerks-office-199782/,transparent-nh
211277,Ethics and Conflict of Interest Rules (Claremont Clerk),Completed,done,Public,43744,Claremont Clerk,Claremont,23852,,0,2026-05-14 21:28,2026-05-22 20:48,2026-05-22 20:48,7,,https://www.muckrock.com/foi/claremont-3840/ethics-and-conflict-of-interest-rules-claremont-clerk-211277/,transparent-nh
199784,Ethics and Conflict of Interest Rules (Concord City Clerk),Completed,done,Public,11759,Concord City Clerk,Concord,23852,,0,2025-12-12 17:13,2026-01-13 12:43,2025-12-22 14:04,7,,https://www.muckrock.com/foi/concord-3844/ethics-and-conflict-of-interest-rules-concord-city-clerk-199784/,transparent-nh
199783,Ethics and Conflict of Interest Rules (Manchester City Clerk),Completed,done,Public,8901,Manchester City Clerk,Manchester,23852,,0,2025-12-12 17:13,2025-12-15 13:20,2025-12-15 13:20,2,,https://www.muckrock.com/foi/manchester-3931/ethics-and-conflict-of-interest-rules-manchester-city-clerk-199783/,transparent-nh
211275,Ethics and Conflict of Interest Rules (Rochester Clerk),Completed,done,Public,43749,Rochester Clerk,Rochester,23852,,0,2026-05-14 21:28,2026-05-15 13:37,2026-05-15 13:37,2,,https://www.muckrock.com/foi/rochester-3980/ethics-and-conflict-of-interest-rules-rochester-clerk-211275/,transparent-nh
211276,Ethics and Conflict of Interest Rules (Town Of Durham),Completed,done,Public,45905,Town Of Durham,Durham,23852,,0,2026-05-14 21:28,2026-05-15 17:54,2026-05-15 17:54,2,,https://www.muckrock.com/foi/durham-3859/ethics-and-conflict-of-interest-rules-town-of-durham-211276/,transparent-nh
200682,Highest-value RFPs (Belmont Clerk),Completed,done,Public,43740,Belmont Clerk,Belmont,114503,,0,2025-12-23 20:06,2026-01-27 18:25,2026-01-27 18:25,26,,https://www.muckrock.com/foi/belmont-3816/highest-value-rfps-belmont-clerk-200682/,"transparent-nh, nh-inperson, nh-rfp"
200679,Highest-value RFPs (Berlin Clerk),Completed,done,Public,43743,Berlin Clerk,Berlin,114503,,0,2025-12-23 20:06,2026-02-05 16:35,2026-02-05 16:35,33,,https://www.muckrock.com/foi/berlin-3819/highest-value-rfps-berlin-clerk-200679/,"transparent-nh, nh-inperson, nh-rfp"
200671,Highest-value RFPs (Bow Clerk),Completed,done,Public,43753,Bow Clerk,Bow,114503,,0,2025-12-23 20:06,2026-06-11 17:31,2026-06-11 17:31,123,,https://www.muckrock.com/foi/bow-3822/highest-value-rfps-bow-clerk-200671/,"transparent-nh, nh-rfp"
200676,Highest-value RFPs (City Clerk),Completed,done,Public,17084,City Clerk,Lebanon,114503,,0,2025-12-23 20:06,2026-01-28 03:06,2026-01-27 13:59,26,,https://www.muckrock.com/foi/lebanon-3917/highest-value-rfps-city-clerk-200676/,"transparent-nh, nh-rfp"
200688,Highest-value RFPs (City Clerk),Awaiting Acknowledgement,ack,Public,17082,City Clerk,Dover,114503,,0,2025-12-23 20:06,2026-07-03 05:03,,147,9,https://www.muckrock.com/foi/dover-3855/highest-value-rfps-city-clerk-200688/,"transparent-nh, nh-rfp"
200685,Highest-value RFPs (City Clerk's Office),Awaiting Response,processed,Public,4246,City Clerk's Office,Keene,114503,RTK-2026-19,0,2025-12-23 20:06,2026-07-14 05:00,,147,2,https://www.muckrock.com/foi/keene-3910/highest-value-rfps-city-clerks-office-200685/,"transparent-nh, nh-rfp"
200678,Highest-value RFPs (Claremont Clerk),Partially Completed,partial,Public,43744,Claremont Clerk,Claremont,114503,,0,2025-12-23 20:06,2026-06-15 16:16,2025-12-29 17:02,5,,https://www.muckrock.com/foi/claremont-3840/highest-value-rfps-claremont-clerk-200678/,"transparent-nh, nh-citizen, nh-rfp"
200687,Highest-value RFPs (Concord City Clerk),Rejected,rejected,Public,11759,Concord City Clerk,Concord,114503,,0.25,2025-12-23 20:06,2026-02-18 20:21,2026-02-18 20:21,42,,https://www.muckrock.com/foi/concord-3844/highest-value-rfps-concord-city-clerk-200687/,"transparent-nh, nh-citizen, nh-rfp"
200669,Highest-value RFPs (Derry Clerk),Completed,done,Public,43755,Derry Clerk,Derry,114503,,0,2025-12-23 20:06,2026-01-30 20:33,2026-01-30 20:33,29,,https://www.muckrock.com/foi/derry-3853/highest-value-rfps-derry-clerk-200669/,"transparent-nh, nh-rfp"
211279,Highest-value RFPs (Franklin Clerk),Fix Required,fix,Public,43745,Franklin Clerk,Franklin,23852,,10,2026-05-14 21:30,2026-06-26 16:40,,45,14,https://www.muckrock.com/foi/franklin-3874/highest-value-rfps-franklin-clerk-211279/,"transparent-nh, nh-rfp"
200672,Highest-value RFPs (Gorham Clerk),No Responsive Documents,no_docs,Public,43752,Gorham Clerk,Gorham,114503,,0,2025-12-23 20:06,2025-12-24 17:05,2025-12-24 17:05,2,,https://www.muckrock.com/foi/gorham-3881/highest-value-rfps-gorham-clerk-200672/,"transparent-nh, nh-rfp"
200673,Highest-value RFPs (Hanover Clerk),Rejected,rejected,Public,43751,Hanover Clerk,Hanover,114503,,0,2025-12-23 20:06,2026-01-16 14:34,2026-01-16 14:34,19,,https://www.muckrock.com/foi/hanover-3893/highest-value-rfps-hanover-clerk-200673/,"transparent-nh, nh-citizen, nh-rfp"
200670,Highest-value RFPs (Hopkinton Clerk),Partially Completed,partial,Public,43754,Hopkinton Clerk,Hopkinton,114503,,0,2025-12-23 20:06,2026-06-22 14:09,2026-06-22 14:09,130,,https://www.muckrock.com/foi/hopkinton-3905/highest-value-rfps-hopkinton-clerk-200670/,"transparent-nh, nh-inperson, nh-rfp"
200677,Highest-value RFPs (Laconia Clerk),Completed,done,Public,43746,Laconia Clerk,Laconia,114503,,0,2025-12-23 20:06,2025-12-30 19:00,2025-12-30 19:00,6,,https://www.muckrock.com/foi/laconia-3913/highest-value-rfps-laconia-clerk-200677/,"transparent-nh, nh-inperson, nh-pickedup, nh-rfp"
200686,Highest-value RFPs (Manchester City Clerk),Partially Completed,partial,Public,8901,Manchester City Clerk,Manchester,114503,,0,2025-12-23 20:06,2026-01-29 13:28,2026-01-28 19:00,27,,https://www.muckrock.com/foi/manchester-3931/highest-value-rfps-manchester-city-clerk-200686/,"transparent-nh, nh-inperson, nh-rfp"
200675,Highest-value RFPs (Nashua City Clerk),Fix Required,fix,Public,11758,Nashua City Clerk,Nashua,114503,26-356,0,2025-12-23 20:06,2026-05-20 17:25,,147,41,https://www.muckrock.com/foi/nashua-3944/highest-value-rfps-nashua-city-clerk-200675/,"transparent-nh, nh-rfp"
200674,Highest-value RFPs (Peterborough Clerk),Partially Completed,partial,Public,43750,Peterborough Clerk,Peterborough,114503,,0,2025-12-23 20:06,2026-01-06 14:38,,147,137,https://www.muckrock.com/foi/peterborough-3968/highest-value-rfps-peterborough-clerk-200674/,"transparent-nh, nh-inperson, nh-rfp"
200684,Highest-value RFPs (Portsmouth Clerk),Completed,done,Public,43676,Portsmouth Clerk,Portsmouth,114503,,0,2025-12-23 20:06,2025-12-30 16:45,2025-12-30 16:45,6,,https://www.muckrock.com/foi/portsmouth-3975/highest-value-rfps-portsmouth-clerk-200684/,"transparent-nh, nh-inperson, nh-rfp"
200689,Highest-value RFPs (Rochester Clerk),Rejected,rejected,Public,43749,Rochester Clerk,Rochester,114503,,0,2025-12-23 20:06,2026-02-11 16:11,2026-02-11 16:11,37,,https://www.muckrock.com/foi/rochester-3980/highest-value-rfps-rochester-clerk-200689/,"transparent-nh, nh-citizen, nh-inperson, nh-rfp"
200681,Highest-value RFPs (Salem Clerk),Completed,done,Public,43741,Salem Clerk,Salem,114503,,0,2025-12-23 20:06,2025-12-29 17:03,2025-12-29 17:03,5,,https://www.muckrock.com/foi/salem-3985/highest-value-rfps-salem-clerk-200681/,"transparent-nh, nh-citizen, nh-rfp"
200683,Highest-value RFPs (Somersworth Clerk),Partially Completed,partial,Public,43739,Somersworth Clerk,Somersworth,114503,,0,2025-12-23 20:06,2026-01-29 12:45,,147,120,https://www.muckrock.com/foi/somersworth-3993/highest-value-rfps-somersworth-clerk-200683/,"transparent-nh, nh-inperson, nh-rfp"
211280,Highest-value RFPs (Town Of Durham),Awaiting Response,processed,Public,45905,Town Of Durham,Durham,23852,,0,2026-05-14 21:30,2026-05-19 22:45,,45,42,https://www.muckrock.com/foi/durham-3859/highest-value-rfps-town-of-durham-211280/,"transparent-nh, nh-rfp"
200680,Highest-value RFPs (Troy Clerk),Completed,done,Public,43742,Troy Clerk,Troy,114503,,0,2025-12-23 20:06,2026-05-21 19:54,2026-05-21 19:54,108,,https://www.muckrock.com/foi/troy-4012/highest-value-rfps-troy-clerk-200680/,nh-rfp
211282,Leadership and constituent emails,No Responsive Documents,no_docs,Public,45905,Town Of Durham,Durham,23852,,0,2026-05-14 21:40,2026-05-20 15:41,2026-05-20 15:41,5,,https://www.muckrock.com/foi/durham-3859/leadership-and-constituent-emails-211282/,transparent-nh
211354,Leadership and constituent emails,Awaiting Response,processed,Public,43742,Troy Clerk,Troy,23852,,400,2026-05-15 19:31,2026-07-01 13:25,,44,11,https://www.muckrock.com/foi/troy-4012/leadership-and-constituent-emails-211354/,transparent-nh
207030,Leadership and constituent emails (Belmont Clerk),Partially Completed,partial,Public,43740,Belmont Clerk,Belmont,23852,,0,2026-03-19 15:33,2026-03-23 14:45,,85,83,https://www.muckrock.com/foi/belmont-3816/leadership-and-constituent-emails-belmont-clerk-207030/,"transparent-nh, nh-inperson"
207042,Leadership and constituent emails (Berlin Clerk),Rejected,rejected,Public,43743,Berlin Clerk,Berlin,23852,,0,2026-03-19 15:33,2026-03-24 19:24,2026-03-24 19:24,4,,https://www.muckrock.com/foi/berlin-3819/leadership-and-constituent-emails-berlin-clerk-207042/,transparent-nh
207062,Leadership and constituent emails (Berlin School District/SAU 3),Partially Completed,partial,Public,44976,Berlin School District/SAU 3,New Hampshire,23852,,0,2026-03-19 15:40,2026-04-06 16:24,,85,73,https://www.muckrock.com/foi/new-hampshire-81/leadership-and-constituent-emails-berlin-school-districtsau-3-207062/,"transparent-nh, nh-inperson, nh-cost"
207027,Leadership and constituent emails (Bow Clerk),Partially Completed,partial,Public,43753,Bow Clerk,Bow,23852,,0,2026-03-19 15:33,2026-06-02 17:27,2026-03-26 16:57,6,,https://www.muckrock.com/foi/bow-3822/leadership-and-constituent-emails-bow-clerk-207027/,"transparent-nh, nh-inperson"
207034,Leadership and constituent emails (City Clerk),Completed,done,Public,17084,City Clerk,Lebanon,23852,,25,2026-03-19 15:33,2026-06-01 20:12,2026-06-01 20:12,53,,https://www.muckrock.com/foi/lebanon-3917/leadership-and-constituent-emails-city-clerk-207034/,"transparent-nh, nh-inperson"
207038,Leadership and constituent emails (City Clerk),Awaiting Acknowledgement,ack,Public,17082,City Clerk,Dover,23852,,0,2026-03-19 15:33,2026-04-10 05:01,,85,69,https://www.muckrock.com/foi/dover-3855/leadership-and-constituent-emails-city-clerk-207038/,transparent-nh
207036,Leadership and constituent emails (City Clerk's Office),Completed,done,Public,4246,City Clerk's Office,Keene,23852,RTK-2026-19,0,2026-03-19 15:33,2026-07-01 15:20,2026-07-01 15:20,75,,https://www.muckrock.com/foi/keene-3910/leadership-and-constituent-emails-city-clerks-office-207036/,transparent-nh
207041,Leadership and constituent emails (Claremont Clerk),Partially Completed,partial,Public,43744,Claremont Clerk,Claremont,23852,,0,2026-03-19 15:33,2026-03-31 12:42,2026-03-31 12:42,9,,https://www.muckrock.com/foi/claremont-3840/leadership-and-constituent-emails-claremont-clerk-207041/,"transparent-nh, nh-inperson"
207039,Leadership and constituent emails (Concord City Clerk),Awaiting Response,processed,Public,11759,Concord City Clerk,Concord,23852,,0,2026-03-19 15:33,2026-06-16 13:42,2026-03-25 16:41,5,,https://www.muckrock.com/foi/concord-3844/leadership-and-constituent-emails-concord-city-clerk-207039/,"transparent-nh, nh-inperson"
207060,Leadership and constituent emails (Concord School District/SAU8),Completed,done,Public,44978,Concord School District/SAU8,New Hampshire,23852,,0,2026-03-19 15:40,2026-04-21 14:44,2026-04-17 18:19,22,,https://www.muckrock.com/foi/new-hampshire-81/leadership-and-constituent-emails-concord-school-districtsau8-207060/,transparent-nh
207053,Leadership and constituent emails (Contoocook Valley School District/SAU1),Awaiting Response,processed,Public,44985,Contoocook Valley School District/SAU1,New Hampshire,23852,,0,2026-03-19 15:40,2026-05-11 14:27,,85,48,https://www.muckrock.com/foi/new-hampshire-81/leadership-and-constituent-emails-contoocook-valley-school-districtsau1-207053/,transparent-nh
207025,Leadership and constituent emails (Derry Clerk),Awaiting Response,processed,Public,43755,Derry Clerk,Derry,23852,,0,2026-03-19 15:33,2026-05-29 18:28,,85,34,https://www.muckrock.com/foi/derry-3853/leadership-and-constituent-emails-derry-clerk-207025/,transparent-nh
207064,Leadership and constituent emails (Derry Cooperative School District),Partially Completed,partial,Public,45005,Derry Cooperative School District,Derry,23852,,0,2026-03-19 15:40,2026-04-09 11:25,,85,70,https://www.muckrock.com/foi/derry-3853/leadership-and-constituent-emails-derry-cooperative-school-district-207064/,"transparent-nh, nh-inperson"
207069,Leadership and constituent emails (Dover School District/SAU11),Completed,done,Public,45000,Dover School District/SAU11,Dover,23852,,9.99,2026-03-19 15:40,2026-06-01 16:08,2026-06-01 16:08,53,,https://www.muckrock.com/foi/dover-3855/leadership-and-constituent-emails-dover-school-districtsau11-207069/,"transparent-nh, nh-citizen"
207037,Leadership and constituent emails (Franklin Clerk),Completed,done,Public,43745,Franklin Clerk,Franklin,23852,,10,2026-03-19 15:33,2026-05-19 19:47,2026-05-19 19:47,44,,https://www.muckrock.com/foi/franklin-3874/leadership-and-constituent-emails-franklin-clerk-207037/,"transparent-nh, nh-inperson, nh-pickedup"
207059,Leadership and constituent emails (Franklin School District/SAU18),Completed,done,Public,44979,Franklin School District/SAU18,New Hampshire,23852,,0,2026-03-19 15:40,2026-04-10 19:05,2026-04-10 19:05,17,,https://www.muckrock.com/foi/new-hampshire-81/leadership-and-constituent-emails-franklin-school-districtsau18-207059/,transparent-nh
207028,Leadership and constituent emails (Gorham Clerk),Awaiting Acknowledgement,ack,Public,43752,Gorham Clerk,Gorham,23852,,0,2026-03-19 15:33,2026-07-01 05:00,,85,11,https://www.muckrock.com/foi/gorham-3881/leadership-and-constituent-emails-gorham-clerk-207028/,transparent-nh
207029,Leadership and constituent emails (Hanover Clerk),Partially Completed,partial,Public,43751,Hanover Clerk,Hanover,23852,,0.25,2026-03-19 15:33,2026-04-09 13:27,2026-04-09 13:27,16,,https://www.muckrock.com/foi/hanover-3893/leadership-and-constituent-emails-hanover-clerk-207029/,"transparent-nh, nh-inperson"
207026,Leadership and constituent emails (Hopkinton Clerk),Completed,done,Public,43754,Hopkinton Clerk,Hopkinton,23852,,0,2026-03-19 15:33,2026-03-24 20:58,2026-03-24 20:58,4,,https://www.muckrock.com/foi/hopkinton-3905/leadership-and-constituent-emails-hopkinton-clerk-207026/,"transparent-nh, nh-inperson"
207049,Leadership and constituent emails (Hopkinton School District),Completed,done,Public,44989,Hopkinton School District,New Hampshire,23852,RTK2026-10,0,2026-03-19 15:40,2026-03-27 12:32,2026-03-27 12:32,7,,https://www.muckrock.com/foi/new-hampshire-81/leadership-and-constituent-emails-hopkinton-school-district-207049/,transparent-nh
207057,Leadership and constituent emails (Keene School District/SAU29),Awaiting Acknowledgement,ack,Public,44981,Keene School District/SAU29,New Hampshire,23852,,0,2026-03-19 15:40,2026-04-10 05:01,,85,69,https://www.muckrock.com/foi/new-hampshire-81/leadership-and-constituent-emails-keene-school-districtsau29-207057/,transparent-nh
207035,Leadership and constituent emails (Laconia Clerk),Completed,done,Public,43746,Laconia Clerk,Laconia,23852,,0,2026-03-19 15:33,2026-05-21 15:35,2026-05-21 15:35,46,,https://www.muckrock.com/foi/laconia-3913/leadership-and-constituent-emails-laconia-clerk-207035/,transparent-nh
207056,Leadership and constituent emails (Laconia School District/SAU30),Completed,done,Public,44982,Laconia School District/SAU30,New Hampshire,23852,,0,2026-03-19 15:40,2026-04-13 12:56,2026-04-13 12:56,18,,https://www.muckrock.com/foi/new-hampshire-81/leadership-and-constituent-emails-laconia-school-districtsau30-207056/,transparent-nh
207068,Leadership and constituent emails (Lebanon School District/SAU88),Completed,done,Public,45001,Lebanon School District/SAU88,Lebanon,23852,,0,2026-03-19 15:40,2026-05-05 06:00,2026-05-05 06:00,34,,https://www.muckrock.com/foi/lebanon-3917/leadership-and-constituent-emails-lebanon-school-districtsau88-207068/,"transparent-nh, usb"
207046,Leadership and constituent emails (Manchester City Clerk),Completed,done,Public,8901,Manchester City Clerk,Manchester,23852,,5.74,2026-03-19 15:38,2026-05-29 06:00,2026-05-29 06:00,52,,https://www.muckrock.com/foi/manchester-3931/leadership-and-constituent-emails-manchester-city-clerk-207046/,transparent-nh
207058,Leadership and constituent emails (Manchester School District),Fix Required,fix,Public,44980,Manchester School District,New Hampshire,23852,,855,2026-03-19 15:40,2026-07-08 15:49,,85,6,https://www.muckrock.com/foi/new-hampshire-81/leadership-and-constituent-emails-manchester-school-district-207058/,transparent-nh
207048,Leadership and constituent emails (Monadnock Regional School District),Completed,done,Public,44990,Monadnock Regional School District,New Hampshire,23852,,0,2026-03-19 15:40,2026-03-24 18:59,2026-03-24 18:59,4,,https://www.muckrock.com/foi/new-hampshire-81/leadership-and-constituent-emails-monadnock-regional-school-district-207048/,transparent-nh
207045,Leadership and constituent emails (Nashua City Clerk),No Responsive Documents,no_docs,Public,11758,Nashua City Clerk,Nashua,23852,26-189,0,2026-03-19 15:38,2026-04-06 14:42,2026-03-31 15:34,9,,https://www.muckrock.com/foi/nashua-3944/leadership-and-constituent-emails-nashua-city-clerk-207045/,transparent-nh
207055,Leadership and constituent emails (Nashua School District),No Responsive Documents,no_docs,Public,44983,Nashua School District,New Hampshire,23852,NSD-2026-0323,0,2026-03-19 15:40,2026-03-27 18:32,2026-03-27 18:32,7,,https://www.muckrock.com/foi/new-hampshire-81/leadership-and-constituent-emails-nashua-school-district-207055/,transparent-nh
207047,Leadership and constituent emails (Oyster River Cooperative School District),Completed,done,Public,44991,Oyster River Cooperative School District,New Hampshire,23852,,0,2026-03-19 15:40,2026-04-07 12:38,2026-04-07 12:38,14,,https://www.muckrock.com/foi/new-hampshire-81/leadership-and-constituent-emails-oyster-river-cooperative-school-district-207047/,transparent-nh
207031,Leadership and constituent emails (Peterborough Clerk),Partially Completed,partial,Public,43750,Peterborough Clerk,Peterborough,23852,,0,2026-03-19 15:33,2026-05-28 20:30,,85,35,https://www.muckrock.com/foi/peterborough-3968/leadership-and-constituent-emails-peterborough-clerk-207031/,"transparent-nh, nh-inperson"
207033,Leadership and constituent emails (Portsmouth Clerk),Consolidated,consolidated,Public,43676,Portsmouth Clerk,Portsmouth,23852,,0,2026-03-19 15:33,2026-04-10 05:01,,85,69,https://www.muckrock.com/foi/portsmouth-3975/leadership-and-constituent-emails-portsmouth-clerk-207033/,transparent-nh
207054,Leadership and constituent emails (Portsmouth School District),Consolidated,consolidated,Public,44984,Portsmouth School District,New Hampshire,23852,,0,2026-03-19 15:40,2026-04-10 05:01,,85,69,https://www.muckrock.com/foi/new-hampshire-81/leadership-and-constituent-emails-portsmouth-school-district-207054/,"transparent-nh, nh-inperson"
207032,Leadership and constituent emails (Rochester Clerk),Awaiting Response,processed,Public,43749,Rochester Clerk,Rochester,23852,,0,2026-03-19 15:33,2026-05-27 11:44,2026-03-23 17:26,3,,https://www.muckrock.com/foi/rochester-3980/leadership-and-constituent-emails-rochester-clerk-207032/,transparent-nh
207067,Leadership and constituent emails (Rochester School District),Completed,done,Public,45002,Rochester School District,Rochester,23852,,0,2026-03-19 15:40,2026-06-18 16:55,2026-06-18 16:55,66,,https://www.muckrock.com/foi/rochester-3980/leadership-and-constituent-emails-rochester-school-district-207067/,transparent-nh
207024,Leadership and constituent emails (Salem Clerk),Completed,done,Public,43741,Salem Clerk,Salem,23852,,0,2026-03-19 15:33,2026-04-22 16:33,2026-04-22 16:33,25,,https://www.muckrock.com/foi/salem-3985/leadership-and-constituent-emails-salem-clerk-207024/,transparent-nh
207063,Leadership and constituent emails (Salem School District/SAU57),Completed,done,Public,45006,Salem School District/SAU57,Salem,23852,,0,2026-03-19 15:40,2026-05-29 20:52,2026-05-25 22:59,48,,https://www.muckrock.com/foi/salem-3985/leadership-and-constituent-emails-salem-school-districtsau57-207063/,transparent-nh
207051,Leadership and constituent emails (SAU20),Awaiting Acknowledgement,ack,Public,44987,SAU20,New Hampshire,23852,,0,2026-03-19 15:40,2026-04-10 05:01,,85,69,https://www.muckrock.com/foi/new-hampshire-81/leadership-and-constituent-emails-sau20-207051/,transparent-nh
207050,Leadership and constituent emails (SAU67),Awaiting Response,processed,Public,44988,SAU67,New Hampshire,23852,,0,2026-03-19 15:40,2026-07-08 14:39,,85,6,https://www.muckrock.com/foi/new-hampshire-81/leadership-and-constituent-emails-sau67-207050/,transparent-nh
207061,"Leadership and constituent emails (SAU6, serving the communities of Claremont and Unity)",Awaiting Response,processed,Public,44977,"SAU6, serving the communities of Claremont and Unity",New Hampshire,23852,,0,2026-03-19 15:40,2026-05-15 19:24,,85,44,https://www.muckrock.com/foi/new-hampshire-81/leadership-and-constituent-emails-sau6-serving-the-communities-of-claremont-and-unity-207061/,transparent-nh
207052,Leadership and constituent emails (SAU70),Completed,done,Public,44986,SAU70,New Hampshire,23852,,0,2026-03-19 15:40,2026-04-15 16:11,2026-04-15 16:11,20,,https://www.muckrock.com/foi/new-hampshire-81/leadership-and-constituent-emails-sau70-207052/,transparent-nh
207065,Leadership and constituent emails (Shaker Regional School District/SAU80),Partially Completed,partial,Public,45004,Shaker Regional School District/SAU80,Belmont,23852,,0,2026-03-19 15:40,2026-03-23 12:45,,85,83,https://www.muckrock.com/foi/belmont-3816/leadership-and-constituent-emails-shaker-regional-school-districtsau80-207065/,"transparent-nh, nh-inperson"
207040,Leadership and constituent emails (Somersworth Clerk),Awaiting Response,processed,Public,43739,Somersworth Clerk,Somersworth,23852,,0,2026-03-19 15:33,2026-05-27 10:26,2026-04-01 12:58,10,,https://www.muckrock.com/foi/somersworth-3993/leadership-and-constituent-emails-somersworth-clerk-207040/,transparent-nh
207066,Leadership and constituent emails (Somersworth School District/SAU56),Awaiting Response,processed,Public,45003,Somersworth School District/SAU56,Somersworth,23852,,0,2026-03-19 15:40,2026-05-26 14:25,,85,37,https://www.muckrock.com/foi/somersworth-3993/leadership-and-constituent-emails-somersworth-school-districtsau56-207066/,transparent-nh
204311,Parental Bill of Rights (Berlin School District/SAU 3),Completed,done,Public,44976,Berlin School District/SAU 3,New Hampshire,114503,,0,2026-02-06 18:19,2026-02-09 14:43,2026-02-09 14:43,2,,https://www.muckrock.com/foi/new-hampshire-81/parental-bill-of-rights-berlin-school-districtsau-3-204311/,transparent-nh
204309,Parental Bill of Rights (Concord School District/SAU8),Completed,done,Public,44978,Concord School District/SAU8,New Hampshire,114503,,0,2026-02-06 18:19,2026-02-16 14:12,2026-02-16 14:12,7,,https://www.muckrock.com/foi/new-hampshire-81/parental-bill-of-rights-concord-school-districtsau8-204309/,transparent-nh
204298,Parental Bill of Rights (Contoocook Valley School District/SAU1),Completed,done,Public,44985,Contoocook Valley School District/SAU1,New Hampshire,114503,,0,2026-02-06 18:19,2026-02-10 21:30,2026-02-10 21:30,3,,https://www.muckrock.com/foi/new-hampshire-81/parental-bill-of-rights-contoocook-valley-school-districtsau1-204298/,transparent-nh
204292,Parental Bill of Rights (Derry Cooperative School District),Completed,done,Public,45005,Derry Cooperative School District,Derry,114503,,0,2026-02-06 18:19,2026-02-12 16:54,2026-02-12 16:54,5,,https://www.muckrock.com/foi/derry-3853/parental-bill-of-rights-derry-cooperative-school-district-204292/,transparent-nh
204308,Parental Bill of Rights (Dover School District/SAU11),Completed,done,Public,45000,Dover School District/SAU11,Dover,114503,,0,2026-02-06 18:19,2026-02-10 15:59,2026-02-10 15:59,3,,https://www.muckrock.com/foi/dover-3855/parental-bill-of-rights-dover-school-districtsau11-204308/,transparent-nh
204307,Parental Bill of Rights (Franklin School District/SAU18),Completed,done,Public,44979,Franklin School District/SAU18,New Hampshire,114503,,0,2026-02-06 18:19,2026-02-11 16:03,2026-02-11 16:03,4,,https://www.muckrock.com/foi/new-hampshire-81/parental-bill-of-rights-franklin-school-districtsau18-204307/,transparent-nh
204293,Parental Bill of Rights (Hopkinton School District),Completed,done,Public,44989,Hopkinton School District,New Hampshire,114503,,0,2026-02-06 18:19,2026-02-09 15:36,2026-02-09 15:36,2,,https://www.muckrock.com/foi/new-hampshire-81/parental-bill-of-rights-hopkinton-school-district-204293/,transparent-nh
204305,Parental Bill of Rights (Keene School District/SAU29),Completed,done,Public,44981,Keene School District/SAU29,New Hampshire,114503,,0,2026-02-06 18:19,2026-02-19 12:57,2026-02-19 12:57,10,,https://www.muckrock.com/foi/new-hampshire-81/parental-bill-of-rights-keene-school-districtsau29-204305/,transparent-nh
204304,Parental Bill of Rights (Laconia School District/SAU30),Completed,done,Public,44982,Laconia School District/SAU30,New Hampshire,114503,,0,2026-02-06 18:19,2026-02-13 16:09,2026-02-13 16:09,6,,https://www.muckrock.com/foi/new-hampshire-81/parental-bill-of-rights-laconia-school-districtsau30-204304/,transparent-nh
204303,Parental Bill of Rights (Lebanon School District/SAU88),Completed,done,Public,45001,Lebanon School District/SAU88,Lebanon,114503,,0,2026-02-06 18:19,2026-02-09 16:02,2026-02-09 16:02,2,,https://www.muckrock.com/foi/lebanon-3917/parental-bill-of-rights-lebanon-school-districtsau88-204303/,transparent-nh
204306,Parental Bill of Rights (Manchester School District),Completed,done,Public,16534,Manchester School District,Manchester,114503,,0,2026-02-06 18:19,2026-02-09 14:04,2026-02-09 14:04,2,,https://www.muckrock.com/foi/manchester-3931/parental-bill-of-rights-manchester-school-district-204306/,transparent-nh
204290,Parental Bill of Rights (Monadnock Regional School District),Completed,done,Public,44990,Monadnock Regional School District,New Hampshire,114503,,0,2026-02-06 18:19,2026-02-09 15:55,2026-02-09 15:55,2,,https://www.muckrock.com/foi/new-hampshire-81/parental-bill-of-rights-monadnock-regional-school-district-204290/,transparent-nh
204302,Parental Bill of Rights (Nashua School District),Completed,done,Public,35525,Nashua School District,Nashua,114503,,0,2026-02-06 18:19,2026-02-09 15:31,2026-02-09 15:31,2,,https://www.muckrock.com/foi/nashua-3944/parental-bill-of-rights-nashua-school-district-204302/,transparent-nh
204289,Parental Bill of Rights (Oyster River Cooperative School District),No Responsive Documents,no_docs,Public,44991,Oyster River Cooperative School District,New Hampshire,114503,,0,2026-02-06 18:19,2026-02-11 13:21,2026-02-11 13:21,4,,https://www.muckrock.com/foi/new-hampshire-81/parental-bill-of-rights-oyster-river-cooperative-school-district-204289/,transparent-nh
204301,Parental Bill of Rights (Portsmouth School District),Completed,done,Public,44984,Portsmouth School District,New Hampshire,114503,RTK-2026-0000020,0,2026-02-06 18:19,2026-02-11 17:19,2026-02-11 17:19,4,,https://www.muckrock.com/foi/new-hampshire-81/parental-bill-of-rights-portsmouth-school-district-204301/,transparent-nh
204300,Parental Bill of Rights (Rochester School District),Completed,done,Public,45002,Rochester School District,Rochester,114503,,0,2026-02-06 18:19,2026-02-17 16:57,2026-02-17 16:57,8,,https://www.muckrock.com/foi/rochester-3980/parental-bill-of-rights-rochester-school-district-204300/,transparent-nh
204291,Parental Bill of Rights (Salem School District/SAU57),Completed,done,Public,45006,Salem School District/SAU57,Salem,114503,,0,2026-02-06 18:19,2026-02-09 17:36,2026-02-09 17:36,2,,https://www.muckrock.com/foi/salem-3985/parental-bill-of-rights-salem-school-districtsau57-204291/,transparent-nh
204295,Parental Bill of Rights (SAU20),Awaiting Acknowledgement,ack,Public,44987,SAU20,New Hampshire,114503,,0,2026-02-06 18:19,2026-07-02 05:01,,114,10,https://www.muckrock.com/foi/new-hampshire-81/parental-bill-of-rights-sau20-204295/,transparent-nh
204294,Parental Bill of Rights (SAU67),Completed,done,Public,44988,SAU67,New Hampshire,114503,,0,2026-02-06 18:19,2026-02-10 19:51,2026-02-10 19:51,3,,https://www.muckrock.com/foi/new-hampshire-81/parental-bill-of-rights-sau67-204294/,transparent-nh
204310,"Parental Bill of Rights (SAU6, serving the communities of Claremont and Unity)",Completed,done,Public,44977,"SAU6, serving the communities of Claremont and Unity",New Hampshire,114503,,0,2026-02-06 18:19,2026-02-13 13:56,2026-02-13 13:56,6,,https://www.muckrock.com/foi/new-hampshire-81/parental-bill-of-rights-sau6-serving-the-communities-of-claremont-and-unity-204310/,transparent-nh
204296,Parental Bill of Rights (SAU70),Completed,done,Public,44986,SAU70,New Hampshire,114503,,0,2026-02-06 18:19,2026-02-14 02:41,2026-02-14 02:41,6,,https://www.muckrock.com/foi/new-hampshire-81/parental-bill-of-rights-sau70-204296/,transparent-nh
204297,Parental Bill of Rights (Shaker Regional School District/SAU80),Completed,done,Public,45004,Shaker Regional School District/SAU80,Belmont,114503,,0,2026-02-06 18:19,2026-02-11 15:18,2026-02-11 15:18,4,,https://www.muckrock.com/foi/belmont-3816/parental-bill-of-rights-shaker-regional-school-districtsau80-204297/,transparent-nh
204299,Parental Bill of Rights (Somersworth School District/SAU56),Completed,done,Public,45003,Somersworth School District/SAU56,Somersworth,114503,,0,2026-02-06 18:19,2026-02-09 12:25,2026-02-09 12:25,2,,https://www.muckrock.com/foi/somersworth-3993/parental-bill-of-rights-somersworth-school-districtsau56-204299/,transparent-nh
204187,Parental Objections (Berlin School District/SAU 3),No Responsive Documents,no_docs,Public,44976,Berlin School District/SAU 3,New Hampshire,23852,,0,2026-02-04 17:12,2026-02-05 22:35,2026-02-05 22:35,2,,https://www.muckrock.com/foi/new-hampshire-81/parental-objections-berlin-school-districtsau-3-204187/,transparent-nh
204185,Parental Objections (Concord School District/SAU8),No Responsive Documents,no_docs,Public,44978,Concord School District/SAU8,New Hampshire,23852,,0,2026-02-04 17:12,2026-04-06 14:16,2026-03-26 19:40,37,,https://www.muckrock.com/foi/new-hampshire-81/parental-objections-concord-school-districtsau8-204185/,transparent-nh
204178,Parental Objections (Contoocook Valley School District/SAU1),Completed,done,Public,44985,Contoocook Valley School District/SAU1,New Hampshire,23852,,0,2026-02-04 17:12,2026-02-11 13:20,2026-02-10 21:21,5,,https://www.muckrock.com/foi/new-hampshire-81/parental-objections-contoocook-valley-school-districtsau1-204178/,transparent-nh
204166,Parental Objections (Derry Cooperative School District),No Responsive Documents,no_docs,Public,45005,Derry Cooperative School District,Derry,23852,,0,2026-02-04 17:12,2026-02-13 16:10,2026-02-12 16:53,7,,https://www.muckrock.com/foi/derry-3853/parental-objections-derry-cooperative-school-district-204166/,transparent-nh
204171,Parental Objections (Dover School District/SAU11),Completed,done,Public,45000,Dover School District/SAU11,Dover,23852,,0,2026-02-04 17:12,2026-03-30 05:01,2026-03-30 05:01,39,,https://www.muckrock.com/foi/dover-3855/parental-objections-dover-school-districtsau11-204171/,transparent-nh
204184,Parental Objections (Franklin School District/SAU18),No Responsive Documents,no_docs,Public,44979,Franklin School District/SAU18,New Hampshire,23852,,0,2026-02-04 17:12,2026-02-11 14:24,2026-02-11 14:24,6,,https://www.muckrock.com/foi/new-hampshire-81/parental-objections-franklin-school-districtsau18-204184/,transparent-nh
204174,Parental Objections (Hopkinton School District),No Responsive Documents,no_docs,Public,44989,Hopkinton School District,New Hampshire,23852,MR 204174,0,2026-02-04 17:12,2026-02-07 16:53,2026-02-07 16:53,3,,https://www.muckrock.com/foi/new-hampshire-81/parental-objections-hopkinton-school-district-204174/,transparent-nh
204182,Parental Objections (Keene School District/SAU29),Awaiting Acknowledgement,ack,Public,44981,Keene School District/SAU29,New Hampshire,23852,,0,2026-02-04 17:12,2026-03-30 05:01,,116,78,https://www.muckrock.com/foi/new-hampshire-81/parental-objections-keene-school-districtsau29-204182/,transparent-nh
204181,Parental Objections (Laconia School District/SAU30),Completed,done,Public,44982,Laconia School District/SAU30,New Hampshire,23852,,0,2026-02-04 17:12,2026-03-30 11:49,2026-03-30 11:49,39,,https://www.muckrock.com/foi/new-hampshire-81/parental-objections-laconia-school-districtsau30-204181/,transparent-nh
204170,Parental Objections (Lebanon School District/SAU88),No Responsive Documents,no_docs,Public,45001,Lebanon School District/SAU88,Lebanon,23852,SAU 88,0,2026-02-04 17:12,2026-02-05 19:51,2026-02-05 19:51,2,,https://www.muckrock.com/foi/lebanon-3917/parental-objections-lebanon-school-districtsau88-204170/,transparent-nh
204183,Parental Objections (Manchester School District),No Responsive Documents,no_docs,Public,44980,Manchester School District,New Hampshire,23852,,0,2026-02-04 17:12,2026-03-02 17:08,2026-03-02 17:08,19,,https://www.muckrock.com/foi/new-hampshire-81/parental-objections-manchester-school-district-204183/,transparent-nh
204173,Parental Objections (Monadnock Regional School District),Completed,done,Public,44990,Monadnock Regional School District,New Hampshire,23852,,0,2026-02-04 17:12,2026-02-07 00:31,2026-02-07 00:31,3,,https://www.muckrock.com/foi/new-hampshire-81/parental-objections-monadnock-regional-school-district-204173/,transparent-nh
204180,Parental Objections (Nashua School District),Completed,done,Public,44983,Nashua School District,New Hampshire,23852,NSD-2026-0211,0,2026-02-04 17:12,2026-03-02 16:18,2026-03-02 16:18,19,,https://www.muckrock.com/foi/new-hampshire-81/parental-objections-nashua-school-district-204180/,transparent-nh
204172,Parental Objections (Oyster River Cooperative School District),No Responsive Documents,no_docs,Public,44991,Oyster River Cooperative School District,New Hampshire,23852,,0,2026-02-04 17:12,2026-02-11 06:02,2026-02-11 06:02,6,,https://www.muckrock.com/foi/new-hampshire-81/parental-objections-oyster-river-cooperative-school-district-204172/,transparent-nh
204179,Parental Objections (Portsmouth School District),No Responsive Documents,no_docs,Public,44984,Portsmouth School District,New Hampshire,23852,,0,2026-02-04 17:12,2026-05-26 14:20,2026-05-26 14:20,80,,https://www.muckrock.com/foi/new-hampshire-81/parental-objections-portsmouth-school-district-204179/,transparent-nh
204169,Parental Objections (Rochester School District),No Responsive Documents,no_docs,Public,45002,Rochester School District,Rochester,23852,,0,2026-02-04 17:12,2026-03-30 19:09,2026-03-30 19:09,39,,https://www.muckrock.com/foi/rochester-3980/parental-objections-rochester-school-district-204169/,transparent-nh
204165,Parental Objections (Salem School District/SAU57),Completed,done,Public,45006,Salem School District/SAU57,Salem,23852,,0,2026-02-04 17:12,2026-02-26 18:58,2026-02-26 18:58,17,,https://www.muckrock.com/foi/salem-3985/parental-objections-salem-school-districtsau57-204165/,transparent-nh
204176,Parental Objections (SAU20),Awaiting Acknowledgement,ack,Public,44987,SAU20,New Hampshire,23852,,0,2026-02-04 17:12,2026-03-30 05:01,,116,78,https://www.muckrock.com/foi/new-hampshire-81/parental-objections-sau20-204176/,transparent-nh
204175,Parental Objections (SAU67),Completed,done,Public,44988,SAU67,New Hampshire,23852,,0,2026-02-04 17:12,2026-02-10 19:50,2026-02-10 19:50,5,,https://www.muckrock.com/foi/new-hampshire-81/parental-objections-sau67-204175/,transparent-nh
204186,"Parental Objections (SAU6, serving the communities of Claremont and Unity)",No Responsive Documents,no_docs,Public,44977,"SAU6, serving the communities of Claremont and Unity",New Hampshire,23852,,0,2026-02-04 17:12,2026-02-05 14:11,2026-02-05 14:11,2,,https://www.muckrock.com/foi/new-hampshire-81/parental-objections-sau6-serving-the-communities-of-claremont-and-unity-204186/,transparent-nh
204177,Parental Objections (SAU70),Completed,done,Public,44986,SAU70,New Hampshire,23852,,0,2026-02-04 17:12,2026-02-14 02:38,2026-02-14 02:38,8,,https://www.muckrock.com/foi/new-hampshire-81/parental-objections-sau70-204177/,transparent-nh
204167,Parental Objections (Shaker Regional School District/SAU80),Completed,done,Public,45004,Shaker Regional School District/SAU80,Belmont,23852,,0,2026-02-04 17:12,2026-02-17 20:10,2026-02-17 20:10,10,,https://www.muckrock.com/foi/belmont-3816/parental-objections-shaker-regional-school-districtsau80-204167/,"transparent-nh, nh-inperson, nh-pickedup"
204168,Parental Objections (Somersworth School District/SAU56),Completed,done,Public,45003,Somersworth School District/SAU56,Somersworth,23852,,0,2026-02-04 17:12,2026-02-10 13:51,2026-02-10 13:51,5,,https://www.muckrock.com/foi/somersworth-3993/parental-objections-somersworth-school-districtsau56-204168/,transparent-nh
201883,PD Chief Performance Evaluation,Completed,done,Public,23838,Dover Police Department,Dover,23852,,0,2026-01-13 13:10,2026-02-04 21:15,2026-02-04 21:15,17,,https://www.muckrock.com/foi/dover-3855/pd-chief-performance-evaluation-201883/,"transparent-nh, nh-citizen"
201882,PD Chief Performance Evaluation,Completed,done,Public,10688,Durham Police Department,Durham,23852,,0,2026-01-13 13:05,2026-01-17 20:59,2026-01-17 20:59,4,,https://www.muckrock.com/foi/durham-3859/pd-chief-performance-evaluation-201882/,transparent-nh
201884,PD Chief Performance Evaluation,Rejected,rejected,Public,7474,Portsmouth Police Department,Portsmouth,23852,RTK-2026-0000004,8.5,2026-01-13 13:12,2026-02-17 14:52,2026-02-17 14:52,26,,https://www.muckrock.com/foi/portsmouth-3975/pd-chief-performance-evaluation-201884/,"transparent-nh, nh-inperson"
201886,PD Chief Performance Evaluation,No Responsive Documents,no_docs,Public,17538,Salem Police Department New Hampshire,Salem,23852,,0.5,2026-01-13 13:14,2026-05-20 19:21,2026-05-20 19:21,92,,https://www.muckrock.com/foi/salem-3985/pd-chief-performance-evaluation-201886/,transparent-nh
211357,PD Chief Performance Evaluation,Awaiting Acknowledgement,ack,Public,24917,Troy Police Department,Troy,23852,,0,2026-05-15 19:35,2026-07-08 05:00,,44,6,https://www.muckrock.com/foi/troy-4012/pd-chief-performance-evaluation-211357/,transparent-nh
201885,PD Chief Performance Evaluation,No Responsive Documents,no_docs,Public,43756,Belmont Police Department,Belmont,23852,,0,2026-01-13 13:14,2026-01-27 18:26,2026-01-27 18:26,11,,https://www.muckrock.com/foi/belmont-3816/pd-chief-performance-evaluation-201885/,transparent-nh
199803,PD Chief Performance Evaluation (Berlin Police Department),Partially Completed,partial,Public,27784,Berlin Police Department,Berlin,23852,,0,2025-12-12 17:20,2026-05-15 18:24,,154,44,https://www.muckrock.com/foi/berlin-3819/pd-chief-performance-evaluation-berlin-police-department-199803/,"transparent-nh, nh-inperson"
199789,PD Chief Performance Evaluation (Bow Police Department),Awaiting Acknowledgement,ack,Public,27923,Bow Police Department,Bow,23852,,0,2025-12-12 17:20,2026-04-07 05:00,,154,72,https://www.muckrock.com/foi/bow-3822/pd-chief-performance-evaluation-bow-police-department-199789/,transparent-nh
199802,PD Chief Performance Evaluation (Claremont Police Department),Completed,done,Public,28735,Claremont Police Department,Claremont,23852,,0,2025-12-12 17:20,2026-01-14 07:00,2026-01-14 07:00,24,,https://www.muckrock.com/foi/claremont-3840/pd-chief-performance-evaluation-claremont-police-department-199802/,transparent-nh
199801,PD Chief Performance Evaluation (Concord Police Department),Completed,done,Public,22742,Concord Police Department,Concord,23852,,0,2025-12-12 17:20,2026-05-20 20:02,2026-05-20 20:02,114,,https://www.muckrock.com/foi/concord-3844/pd-chief-performance-evaluation-concord-police-department-199801/,"transparent-nh, nh-inperson"
199787,PD Chief Performance Evaluation (Derry Police Department),Completed,done,Public,9863,Derry Police Department,Derry,23852,,0,2025-12-12 17:20,2025-12-21 01:01,2025-12-19 21:25,6,,https://www.muckrock.com/foi/derry-3853/pd-chief-performance-evaluation-derry-police-department-199787/,transparent-nh
199800,PD Chief Performance Evaluation (Franklin Police Department),Completed,done,Public,27934,Franklin Police Department,Franklin,23852,,16.04,2025-12-12 17:20,2026-05-22 17:03,2026-05-22 17:03,116,,https://www.muckrock.com/foi/franklin-3874/pd-chief-performance-evaluation-franklin-police-department-199800/,"transparent-nh, nh-inperson, nh-pickedup"
199790,PD Chief Performance Evaluation (Gorham Police Department),No Responsive Documents,no_docs,Public,27789,Gorham Police Department,Gorham,23852,,0,2025-12-12 17:20,2025-12-26 22:04,2025-12-26 22:04,11,,https://www.muckrock.com/foi/gorham-3881/pd-chief-performance-evaluation-gorham-police-department-199790/,transparent-nh
199791,PD Chief Performance Evaluation (Hanover Police Department),Completed,done,Public,27814,Hanover Police Department,Hanover,23852,,0,2025-12-12 17:20,2026-01-13 13:34,2026-01-13 13:34,23,,https://www.muckrock.com/foi/hanover-3893/pd-chief-performance-evaluation-hanover-police-department-199791/,transparent-nh
199788,PD Chief Performance Evaluation (Hopkinton Police Department),No Responsive Documents,no_docs,Public,27905,Hopkinton Police Department,Hopkinton,23852,,0,2025-12-12 17:20,2025-12-18 13:38,2025-12-17 16:28,4,,https://www.muckrock.com/foi/hopkinton-3905/pd-chief-performance-evaluation-hopkinton-police-department-199788/,transparent-nh
199798,PD Chief Performance Evaluation (Keene Police Department),Completed,done,Public,22744,Keene Police Department,Keene,23852,RTK-2025-132,0,2025-12-12 17:20,2026-01-05 18:18,2026-01-05 18:18,17,,https://www.muckrock.com/foi/keene-3910/pd-chief-performance-evaluation-keene-police-department-199798/,transparent-nh
199797,PD Chief Performance Evaluation (Laconia Police Department),Completed,done,Public,23845,Laconia Police Department,Laconia,23852,,0,2025-12-12 17:20,2026-01-13 13:18,2026-01-13 13:18,23,,https://www.muckrock.com/foi/laconia-3913/pd-chief-performance-evaluation-laconia-police-department-199797/,transparent-nh
199796,PD Chief Performance Evaluation (Lebanon Police Department),Rejected,rejected,Public,5956,Lebanon Police Department,Lebanon,23852,,0,2025-12-12 17:20,2026-02-11 17:03,2026-02-11 17:03,44,,https://www.muckrock.com/foi/lebanon-3917/pd-chief-performance-evaluation-lebanon-police-department-199796/,"transparent-nh, nh-privacy"
199799,PD Chief Performance Evaluation (Manchester Police Department),No Responsive Documents,no_docs,Public,8628,Manchester Police Department,Manchester,23852,,0,2025-12-12 17:20,2026-03-24 14:44,2026-03-23 12:45,72,,https://www.muckrock.com/foi/manchester-3931/pd-chief-performance-evaluation-manchester-police-department-199799/,"transparent-nh, nh-privacy"
199795,PD Chief Performance Evaluation (Nashua Police Department),No Responsive Documents,no_docs,Public,22741,Nashua Police Department,Nashua,23852,,0,2025-12-12 17:20,2026-01-29 07:00,2026-01-29 07:00,35,,https://www.muckrock.com/foi/nashua-3944/pd-chief-performance-evaluation-nashua-police-department-199795/,transparent-nh
199792,PD Chief Performance Evaluation (Peterborough Police Department),Partially Completed,partial,Public,27861,Peterborough Police Department,Peterborough,23852,,0,2025-12-12 17:20,2026-06-04 18:27,,154,30,https://www.muckrock.com/foi/peterborough-3968/pd-chief-performance-evaluation-peterborough-police-department-199792/,"transparent-nh, nh-citizen, nh-inperson"
199793,PD Chief Performance Evaluation (Rochester Police Department),Rejected,rejected,Public,23839,Rochester Police Department,Rochester,23852,,0,2025-12-12 17:20,2026-03-11 17:41,2026-03-11 17:41,64,,https://www.muckrock.com/foi/rochester-3980/pd-chief-performance-evaluation-rochester-police-department-199793/,"transparent-nh, nh-citizen"
199794,PD Chief Performance Evaluation (Somersworth Police Department),Rejected,rejected,Public,28723,Somersworth Police Department,Somersworth,23852,,0,2025-12-12 17:20,2026-04-16 16:29,2026-04-16 16:29,90,,https://www.muckrock.com/foi/somersworth-3993/pd-chief-performance-evaluation-somersworth-police-department-199794/,"transparent-nh, nh-privacy"
202340,PD Settlement Agreements,Rejected,rejected,Public,28723,Somersworth Police Department,Somersworth,23852,,0,2026-01-14 14:15,2026-02-13 07:13,2026-02-13 07:13,23,,https://www.muckrock.com/foi/somersworth-3993/pd-settlement-agreements-202340/,transparent-nh
211336,PD Settlement Agreements,Partially Completed,partial,Public,5956,Lebanon Police Department,Lebanon,23852,,0,2026-05-15 12:34,2026-06-15 13:18,2026-06-15 13:18,22,,https://www.muckrock.com/foi/lebanon-3917/pd-settlement-agreements-211336/,"transparent-nh, nh-inperson"
206126,PD Settlement Agreements,No Responsive Documents,no_docs,Public,27814,Hanover Police Department,Hanover,179220,,0,2026-03-03 16:47,2026-04-07 16:35,2026-04-07 16:35,26,,https://www.muckrock.com/foi/hanover-3893/pd-settlement-agreements-206126/,transparent-nh
201907,PD Settlement Agreements,Completed,done,Public,9863,Derry Police Department,Derry,23852,,0,2026-01-13 16:44,2026-03-12 11:35,2026-03-12 11:35,43,,https://www.muckrock.com/foi/derry-3853/pd-settlement-agreements-201907/,transparent-nh
202338,PD Settlement Agreements,Completed,done,Public,23838,Dover Police Department,Dover,23852,,0,2026-01-14 14:13,2026-02-10 18:26,2026-02-05 20:47,17,,https://www.muckrock.com/foi/dover-3855/pd-settlement-agreements-202338/,"transparent-nh, nh-citizen"
202341,PD Settlement Agreements,No Responsive Documents,no_docs,Public,43756,Belmont Police Department,Belmont,23852,,0,2026-01-14 14:16,2026-02-19 17:29,2026-02-19 17:29,27,,https://www.muckrock.com/foi/belmont-3816/pd-settlement-agreements-202341/,"transparent-nh, nh-inperson"
202342,PD Settlement Agreements,No Responsive Documents,no_docs,Public,17538,Salem Police Department New Hampshire,Salem,23852,,0,2026-01-14 14:16,2026-04-07 13:49,2026-04-07 13:49,60,,https://www.muckrock.com/foi/salem-3985/pd-settlement-agreements-202342/,transparent-nh
202343,PD Settlement Agreements,Partially Completed,partial,Public,27784,Berlin Police Department,Berlin,23852,,0,2026-01-14 14:17,2026-05-15 18:25,,131,44,https://www.muckrock.com/foi/berlin-3819/pd-settlement-agreements-202343/,"transparent-nh, nh-inperson"
202344,PD Settlement Agreements,Completed,done,Public,28735,Claremont Police Department,Claremont,23852,,0,2026-01-14 14:18,2026-02-13 07:13,2026-02-10 16:34,20,,https://www.muckrock.com/foi/claremont-3840/pd-settlement-agreements-202344/,transparent-nh
202345,PD Settlement Agreements,Awaiting Response,processed,Public,22742,Concord Police Department,Concord,23852,,0,2026-01-14 14:18,2026-05-29 17:35,,131,34,https://www.muckrock.com/foi/concord-3844/pd-settlement-agreements-202345/,transparent-nh
202346,PD Settlement Agreements,Completed,done,Public,27934,Franklin Police Department,Franklin,23852,,0,2026-01-14 14:18,2026-04-02 16:54,2026-04-02 16:54,57,,https://www.muckrock.com/foi/franklin-3874/pd-settlement-agreements-202346/,transparent-nh
202347,PD Settlement Agreements,Completed,done,Public,8628,Manchester Police Department,Manchester,23852,,0,2026-01-14 14:19,2026-01-29 18:45,2026-01-29 18:45,12,,https://www.muckrock.com/foi/manchester-3931/pd-settlement-agreements-202347/,transparent-nh
202348,PD Settlement Agreements,Completed,done,Public,22744,Keene Police Department,Keene,23852,KPD-2026-7,0,2026-01-14 14:20,2026-02-11 13:19,2026-02-10 18:36,20,,https://www.muckrock.com/foi/keene-3910/pd-settlement-agreements-202348/,transparent-nh
202349,PD Settlement Agreements,Consolidated,consolidated,Public,23845,Laconia Police Department,Laconia,23852,,0,2026-01-14 14:20,2026-01-22 13:50,2026-01-22 13:50,7,,https://www.muckrock.com/foi/laconia-3913/pd-settlement-agreements-202349/,transparent-nh
202350,PD Settlement Agreements,Completed,done,Public,22741,Nashua Police Department,Nashua,23852,26-31,0,2026-01-14 14:22,2026-06-02 17:32,2026-06-02 17:32,100,,https://www.muckrock.com/foi/nashua-3944/pd-settlement-agreements-202350/,transparent-nh
202351,PD Settlement Agreements,Partially Completed,partial,Public,23839,Rochester Police Department,Rochester,23852,,0,2026-01-14 14:23,2026-03-31 18:05,2026-03-31 18:05,55,,https://www.muckrock.com/foi/rochester-3980/pd-settlement-agreements-202351/,"transparent-nh, nh-inperson"
202352,PD Settlement Agreements,No Responsive Documents,no_docs,Public,27861,Peterborough Police Department,Peterborough,23852,,0,2026-01-14 14:25,2026-01-22 14:34,2026-01-22 14:34,7,,https://www.muckrock.com/foi/peterborough-3968/pd-settlement-agreements-202352/,transparent-nh
202353,PD Settlement Agreements,No Responsive Documents,no_docs,Public,27814,Hanover Police Department,Hanover,23852,,0,2026-01-14 14:26,2026-02-13 20:10,2026-02-13 20:10,23,,https://www.muckrock.com/foi/hanover-3893/pd-settlement-agreements-202353/,"transparent-nh, nh-citizen"
202355,PD Settlement Agreements,No Responsive Documents,no_docs,Public,27789,Gorham Police Department,Gorham,23852,,0,2026-01-14 14:30,2026-01-15 17:19,2026-01-15 17:19,2,,https://www.muckrock.com/foi/gorham-3881/pd-settlement-agreements-202355/,transparent-nh
202356,PD Settlement Agreements,No Responsive Documents,no_docs,Public,27923,Bow Police Department,Bow,23852,,0,2026-01-14 14:40,2026-05-14 16:32,2026-05-14 16:32,87,,https://www.muckrock.com/foi/bow-3822/pd-settlement-agreements-202356/,transparent-nh
204514,PD Settlement Agreements,No Responsive Documents,no_docs,Public,43746,Laconia Clerk,Laconia,23852,,0,2026-02-10 18:53,2026-02-17 21:18,2026-02-17 21:18,6,,https://www.muckrock.com/foi/laconia-3913/pd-settlement-agreements-204514/,transparent-nh
202358,PD Settlement Agreements,No Responsive Documents,no_docs,Public,27905,Hopkinton Police Department,Hopkinton,23852,,0,2026-01-14 14:42,2026-01-14 15:32,2026-01-14 15:32,1,,https://www.muckrock.com/foi/hopkinton-3905/pd-settlement-agreements-202358/,transparent-nh
202359,PD Settlement Agreements,Partially Completed,partial,Public,10688,Durham Police Department,Durham,23852,,0,2026-01-14 14:43,2026-01-21 22:25,2026-01-21 22:25,6,,https://www.muckrock.com/foi/durham-3859/pd-settlement-agreements-202359/,"transparent-nh, inperson"
202339,PD Settlement Agreements,Partially Completed,partial,Public,7474,Portsmouth Police Department,Portsmouth,23852,RTK-2026-0000045,8.5,2026-01-14 14:15,2026-04-27 18:56,,131,58,https://www.muckrock.com/foi/portsmouth-3975/pd-settlement-agreements-202339/,"transparent-nh, nh-inperson"
211356,PD Settlement Agreements,Awaiting Acknowledgement,ack,Public,24917,Troy Police Department,Troy,23852,,0,2026-05-15 19:34,2026-07-13 05:01,,44,3,https://www.muckrock.com/foi/troy-4012/pd-settlement-agreements-211356/,transparent-nh
211343,PD Settlement Agreements,Completed,done,Public,11758,Nashua City Clerk,Nashua,23852,26-372,0,2026-05-15 14:44,2026-05-28 17:21,2026-05-28 17:21,10,,https://www.muckrock.com/foi/nashua-3944/pd-settlement-agreements-211343/,"transparent-nh, nh-inperson"
211355,Performance Evaluation,Rejected,rejected,Public,43742,Troy Clerk,Troy,23852,,0,2026-05-15 19:32,2026-05-21 18:26,2026-05-21 18:26,5,,https://www.muckrock.com/foi/troy-4012/performance-evaluation-211355/,transparent-nh
211281,Performance Evaluation,Completed,done,Public,45905,Town Of Durham,Durham,23852,,0,2026-05-14 21:37,2026-05-15 16:11,2026-05-15 16:11,2,,https://www.muckrock.com/foi/durham-3859/performance-evaluation-211281/,transparent-nh
207088,Performance Evaluation (Belmont Clerk),No Responsive Documents,no_docs,Public,43740,Belmont Clerk,Belmont,23852,,0,2026-03-19 15:47,2026-03-23 12:53,2026-03-23 12:53,3,,https://www.muckrock.com/foi/belmont-3816/performance-evaluation-belmont-clerk-207088/,transparent-nh
207086,Performance Evaluation (Berlin Clerk),No Responsive Documents,no_docs,Public,43743,Berlin Clerk,Berlin,23852,,0,2026-03-19 15:47,2026-03-23 15:12,2026-03-23 15:12,3,,https://www.muckrock.com/foi/berlin-3819/performance-evaluation-berlin-clerk-207086/,transparent-nh
207107,Performance Evaluation (Berlin School District/SAU 3),Partially Completed,partial,Public,44976,Berlin School District/SAU 3,New Hampshire,23852,,0,2026-03-19 15:48,2026-03-26 14:51,,85,80,https://www.muckrock.com/foi/new-hampshire-81/performance-evaluation-berlin-school-districtsau-3-207107/,"transparent-nh, nh-inperson"
207078,Performance Evaluation (Bow Clerk),Partially Completed,partial,Public,43753,Bow Clerk,Bow,23852,,0,2026-03-19 15:47,2026-06-03 17:23,2026-05-18 18:08,43,,https://www.muckrock.com/foi/bow-3822/performance-evaluation-bow-clerk-207078/,"transparent-nh, nh-inperson"
207073,Performance Evaluation (City Clerk),Rejected,rejected,Public,17084,City Clerk,Lebanon,23852,,0,2026-03-19 15:47,2026-03-23 17:02,2026-03-23 17:02,3,,https://www.muckrock.com/foi/lebanon-3917/performance-evaluation-city-clerk-207073/,transparent-nh
207074,Performance Evaluation (City Clerk),Awaiting Acknowledgement,ack,Public,17082,City Clerk,Dover,23852,,0,2026-03-19 15:47,2026-04-10 05:01,,85,69,https://www.muckrock.com/foi/dover-3855/performance-evaluation-city-clerk-207074/,transparent-nh
207091,Performance Evaluation (City Clerk's Office),Completed,done,Public,4246,City Clerk's Office,Keene,23852,RTK-2026-18,0,2026-03-19 15:47,2026-04-21 14:41,2026-04-16 23:01,21,,https://www.muckrock.com/foi/keene-3910/performance-evaluation-city-clerks-office-207091/,transparent-nh
207085,Performance Evaluation (Claremont Clerk),No Responsive Documents,no_docs,Public,43744,Claremont Clerk,Claremont,23852,,0,2026-03-19 15:47,2026-03-31 12:38,2026-03-31 12:38,9,,https://www.muckrock.com/foi/claremont-3840/performance-evaluation-claremont-clerk-207085/,transparent-nh
207075,Performance Evaluation (Concord City Clerk),Rejected,rejected,Public,11759,Concord City Clerk,Concord,23852,,0,2026-03-19 15:47,2026-03-25 16:42,2026-03-25 16:42,5,,https://www.muckrock.com/foi/concord-3844/performance-evaluation-concord-city-clerk-207075/,transparent-nh
207105,Performance Evaluation (Concord School District/SAU8),Rejected,rejected,Public,44978,Concord School District/SAU8,New Hampshire,23852,,0,2026-03-19 15:48,2026-03-26 19:20,2026-03-26 19:20,6,,https://www.muckrock.com/foi/new-hampshire-81/performance-evaluation-concord-school-districtsau8-207105/,transparent-nh
207098,Performance Evaluation (Contoocook Valley School District/SAU1),Awaiting Response,processed,Public,44985,Contoocook Valley School District/SAU1,New Hampshire,23852,,0,2026-03-19 15:48,2026-05-11 14:28,,85,48,https://www.muckrock.com/foi/new-hampshire-81/performance-evaluation-contoocook-valley-school-districtsau1-207098/,transparent-nh
207076,Performance Evaluation (Derry Clerk),No Responsive Documents,no_docs,Public,43755,Derry Clerk,Derry,23852,,0,2026-03-19 15:47,2026-03-23 12:06,2026-03-23 12:06,3,,https://www.muckrock.com/foi/derry-3853/performance-evaluation-derry-clerk-207076/,transparent-nh
207109,Performance Evaluation (Derry Cooperative School District),No Responsive Documents,no_docs,Public,45005,Derry Cooperative School District,Derry,23852,,0,2026-03-19 15:48,2026-03-25 16:42,2026-03-25 16:42,5,,https://www.muckrock.com/foi/derry-3853/performance-evaluation-derry-cooperative-school-district-207109/,transparent-nh
207114,Performance Evaluation (Dover School District/SAU11),Completed,done,Public,45000,Dover School District/SAU11,Dover,23852,,0,2026-03-19 15:48,2026-04-10 05:01,2026-04-10 05:01,17,,https://www.muckrock.com/foi/dover-3855/performance-evaluation-dover-school-districtsau11-207114/,transparent-nh
207084,Performance Evaluation (Franklin Clerk),No Responsive Documents,no_docs,Public,43745,Franklin Clerk,Franklin,23852,,0,2026-03-19 15:47,2026-04-07 14:08,2026-03-26 14:34,6,,https://www.muckrock.com/foi/franklin-3874/performance-evaluation-franklin-clerk-207084/,transparent-nh
207104,Performance Evaluation (Franklin School District/SAU18),Completed,done,Public,44979,Franklin School District/SAU18,New Hampshire,23852,,0,2026-03-19 15:48,2026-04-06 14:44,2026-04-01 13:27,10,,https://www.muckrock.com/foi/new-hampshire-81/performance-evaluation-franklin-school-districtsau18-207104/,transparent-nh
207079,Performance Evaluation (Gorham Clerk),No Responsive Documents,no_docs,Public,43752,Gorham Clerk,Gorham,23852,,0,2026-03-19 15:47,2026-05-11 19:11,2026-05-11 19:11,38,,https://www.muckrock.com/foi/gorham-3881/performance-evaluation-gorham-clerk-207079/,transparent-nh
207080,Performance Evaluation (Hanover Clerk),Rejected,rejected,Public,43751,Hanover Clerk,Hanover,23852,,0,2026-03-19 15:47,2026-03-23 16:14,2026-03-23 16:14,3,,https://www.muckrock.com/foi/hanover-3893/performance-evaluation-hanover-clerk-207080/,transparent-nh
207077,Performance Evaluation (Hopkinton Clerk),No Responsive Documents,no_docs,Public,43754,Hopkinton Clerk,Hopkinton,23852,,0,2026-03-19 15:47,2026-03-24 12:41,2026-03-24 12:41,4,,https://www.muckrock.com/foi/hopkinton-3905/performance-evaluation-hopkinton-clerk-207077/,transparent-nh
207094,Performance Evaluation (Hopkinton School District),No Responsive Documents,no_docs,Public,44989,Hopkinton School District,New Hampshire,23852,,0,2026-03-19 15:48,2026-03-23 16:02,2026-03-23 16:02,3,,https://www.muckrock.com/foi/new-hampshire-81/performance-evaluation-hopkinton-school-district-207094/,transparent-nh
207102,Performance Evaluation (Keene School District/SAU29),Awaiting Acknowledgement,ack,Public,44981,Keene School District/SAU29,New Hampshire,23852,,0,2026-03-19 15:48,2026-04-10 05:01,,85,69,https://www.muckrock.com/foi/new-hampshire-81/performance-evaluation-keene-school-districtsau29-207102/,transparent-nh
207083,Performance Evaluation (Laconia Clerk),Completed,done,Public,43746,Laconia Clerk,Laconia,23852,,0,2026-03-19 15:47,2026-03-25 16:57,2026-03-25 16:57,5,,https://www.muckrock.com/foi/laconia-3913/performance-evaluation-laconia-clerk-207083/,transparent-nh
207101,Performance Evaluation (Laconia School District/SAU30),No Responsive Documents,no_docs,Public,44982,Laconia School District/SAU30,New Hampshire,23852,,0,2026-03-19 15:48,2026-03-23 15:30,2026-03-23 15:30,3,,https://www.muckrock.com/foi/new-hampshire-81/performance-evaluation-laconia-school-districtsau30-207101/,transparent-nh
207113,Performance Evaluation (Lebanon School District/SAU88),Rejected,rejected,Public,45001,Lebanon School District/SAU88,Lebanon,23852,,0,2026-03-19 15:48,2026-04-13 13:53,2026-04-13 13:53,18,,https://www.muckrock.com/foi/lebanon-3917/performance-evaluation-lebanon-school-districtsau88-207113/,transparent-nh
207070,Performance Evaluation (Manchester),No Responsive Documents,no_docs,Public,8901,Manchester City Clerk,Manchester,23852,,0,2026-03-19 15:43,2026-03-23 12:41,2026-03-23 12:41,3,,https://www.muckrock.com/foi/manchester-3931/leadership-and-constituent-emails-207070/,transparent-nh
207103,Performance Evaluation (Manchester School District),Rejected,rejected,Public,44980,Manchester School District,New Hampshire,23852,,0,2026-03-19 15:48,2026-03-25 19:40,2026-03-25 19:40,5,,https://www.muckrock.com/foi/new-hampshire-81/performance-evaluation-manchester-school-district-207103/,transparent-nh
207093,Performance Evaluation (Monadnock Regional School District),Completed,done,Public,44990,Monadnock Regional School District,New Hampshire,23852,,0,2026-03-19 15:48,2026-03-24 20:11,2026-03-24 20:11,4,,https://www.muckrock.com/foi/new-hampshire-81/performance-evaluation-monadnock-regional-school-district-207093/,transparent-nh
207072,Performance Evaluation (Nashua),No Responsive Documents,no_docs,Public,11758,Nashua City Clerk,Nashua,23852,26-173,0,2026-03-19 15:44,2026-03-26 20:21,2026-03-26 20:21,6,,https://www.muckrock.com/foi/nashua-3944/leadership-and-constituent-emails-207072/,transparent-nh
207100,Performance Evaluation (Nashua School District),Rejected,rejected,Public,44983,Nashua School District,New Hampshire,23852,26-195,0,2026-03-19 15:48,2026-03-26 15:38,2026-03-26 15:38,6,,https://www.muckrock.com/foi/new-hampshire-81/performance-evaluation-nashua-school-district-207100/,transparent-nh
207092,Performance Evaluation (Oyster River Cooperative School District),Completed,done,Public,44991,Oyster River Cooperative School District,New Hampshire,23852,,0,2026-03-19 15:48,2026-04-10 11:19,2026-04-10 11:19,17,,https://www.muckrock.com/foi/new-hampshire-81/performance-evaluation-oyster-river-cooperative-school-district-207092/,transparent-nh
207081,Performance Evaluation (Peterborough Clerk),Partially Completed,partial,Public,43750,Peterborough Clerk,Peterborough,23852,,0,2026-03-19 15:47,2026-03-24 19:46,,85,82,https://www.muckrock.com/foi/peterborough-3968/performance-evaluation-peterborough-clerk-207081/,"transparent-nh, nh-inperson"
207089,Performance Evaluation (Portsmouth Clerk),Rejected,rejected,Public,43676,Portsmouth Clerk,Portsmouth,23852,,0,2026-03-19 15:47,2026-03-19 15:47,2026-03-19 15:47,1,,https://www.muckrock.com/foi/portsmouth-3975/performance-evaluation-portsmouth-clerk-207089/,transparent-nh
207099,Performance Evaluation (Portsmouth School District),Rejected,rejected,Public,44984,Portsmouth School District,New Hampshire,23852,,0,2026-03-19 15:48,2026-04-10 05:01,2026-04-10 05:01,17,,https://www.muckrock.com/foi/new-hampshire-81/performance-evaluation-portsmouth-school-district-207099/,transparent-nh
207082,Performance Evaluation (Rochester Clerk),Rejected,rejected,Public,43749,Rochester Clerk,Rochester,23852,,0,2026-03-19 15:47,2026-03-23 19:45,2026-03-23 19:45,3,,https://www.muckrock.com/foi/rochester-3980/performance-evaluation-rochester-clerk-207082/,transparent-nh
207112,Performance Evaluation (Rochester School District),No Responsive Documents,no_docs,Public,45002,Rochester School District,Rochester,23852,,0,2026-03-19 15:48,2026-04-23 20:15,2026-04-23 20:15,26,,https://www.muckrock.com/foi/rochester-3980/performance-evaluation-rochester-school-district-207112/,transparent-nh
207087,Performance Evaluation (Salem Clerk),Completed,done,Public,43741,Salem Clerk,Salem,23852,,0,2026-03-19 15:47,2026-04-13 19:52,2026-04-13 19:52,18,,https://www.muckrock.com/foi/salem-3985/performance-evaluation-salem-clerk-207087/,transparent-nh
207108,Performance Evaluation (Salem School District/SAU57),Awaiting Response,processed,Public,45006,Salem School District/SAU57,Salem,23852,,0,2026-03-19 15:48,2026-06-01 11:52,,85,33,https://www.muckrock.com/foi/salem-3985/performance-evaluation-salem-school-districtsau57-207108/,transparent-nh
207096,Performance Evaluation (SAU20),Awaiting Acknowledgement,ack,Public,44987,SAU20,New Hampshire,23852,,0,2026-03-19 15:48,2026-04-10 05:01,,85,69,https://www.muckrock.com/foi/new-hampshire-81/performance-evaluation-sau20-207096/,transparent-nh
207095,Performance Evaluation (SAU67),Rejected,rejected,Public,44988,SAU67,New Hampshire,23852,,0,2026-03-19 15:48,2026-05-29 12:42,2026-05-29 12:42,52,,https://www.muckrock.com/foi/new-hampshire-81/performance-evaluation-sau67-207095/,transparent-nh
207106,"Performance Evaluation (SAU6, serving the communities of Claremont and Unity)",No Responsive Documents,no_docs,Public,44977,"SAU6, serving the communities of Claremont and Unity",New Hampshire,23852,,0,2026-03-19 15:48,2026-03-24 19:56,2026-03-24 19:56,4,,https://www.muckrock.com/foi/new-hampshire-81/performance-evaluation-sau6-serving-the-communities-of-claremont-and-unity-207106/,transparent-nh
207097,Performance Evaluation (SAU70),No Responsive Documents,no_docs,Public,44986,SAU70,New Hampshire,23852,,0,2026-03-19 15:48,2026-03-25 15:11,2026-03-25 15:11,5,,https://www.muckrock.com/foi/new-hampshire-81/performance-evaluation-sau70-207097/,transparent-nh
207110,Performance Evaluation (Shaker Regional School District/SAU80),Partially Completed,partial,Public,45004,Shaker Regional School District/SAU80,Belmont,23852,,0,2026-03-19 15:48,2026-03-23 12:43,,85,83,https://www.muckrock.com/foi/belmont-3816/performance-evaluation-shaker-regional-school-districtsau80-207110/,"transparent-nh, nh-inperson"
207090,Performance Evaluation (Somersworth Clerk),No Responsive Documents,no_docs,Public,43739,Somersworth Clerk,Somersworth,23852,,0,2026-03-19 15:47,2026-04-01 12:52,2026-04-01 12:52,10,,https://www.muckrock.com/foi/somersworth-3993/performance-evaluation-somersworth-clerk-207090/,transparent-nh
207111,Performance Evaluation (Somersworth School District/SAU56),Completed,done,Public,45003,Somersworth School District/SAU56,Somersworth,23852,,0,2026-03-19 15:48,2026-07-08 13:49,2026-07-08 13:49,80,,https://www.muckrock.com/foi/somersworth-3993/performance-evaluation-somersworth-school-districtsau56-207111/,transparent-nh
211349,RFP List,Partially Completed,partial,Public,11759,Concord City Clerk,Concord,23852,,0,2026-05-15 18:58,2026-05-15 19:43,2026-05-15 19:43,1,,https://www.muckrock.com/foi/concord-3844/rfp-list-211349/,"transparent-nh, nh-inperson, nh-rfp"